<?xml version="1.0" encoding="UTF-8"?>
<project-private xmlns="http://www.netbeans.org/ns/project-private/1">
    <editor-bookmarks xmlns="http://www.netbeans.org/ns/editor-bookmarks/2" lastBookmarkId="0"/>
    <open-files xmlns="http://www.netbeans.org/ns/projectui-open-files/2">
        <group>
            <file>file:/C:/Users/Admin/Downloads/reservaHotel/reserva/reserva/src/menu.java</file>
            <file>file:/C:/Users/Admin/Downloads/reservaHotel/reserva/reserva/src/cliente.java</file>
            <file>file:/C:/Users/Admin/Downloads/reservaHotel/reserva/reserva/src/Provedores.java</file>
            <file>file:/C:/Users/Admin/Downloads/reservaHotel/reserva/reserva/src/inicio.java</file>
            <file>file:/C:/Users/Admin/Downloads/reservaHotel/reserva/reserva/src/extras.java</file>
            <file>file:/C:/Users/Admin/Downloads/reservaHotel/reserva/reserva/src/pago.java</file>
            <file>file:/C:/Users/Admin/Downloads/reservaHotel/reserva/reserva/src/registrocabanas.java</file>
        </group>
    </open-files>
</project-private>
