<?xml version="1.0" encoding="UTF-8"?>
<project-private xmlns="http://www.netbeans.org/ns/project-private/1">
    <editor-bookmarks xmlns="http://www.netbeans.org/ns/editor-bookmarks/2" lastBookmarkId="0"/>
    <open-files xmlns="http://www.netbeans.org/ns/projectui-open-files/2">
        <group>
            <file>file:/C:/Users/Admin/Documents/NetBeansProjects/reserva/src/metodos_SQL/metodos_sql.java</file>
            <file>file:/C:/Users/Admin/Documents/NetBeansProjects/reserva/src/metodos_SQL/ConexionBD.java</file>
            <file>file:/C:/Users/Admin/Documents/NetBeansProjects/reserva/src/inicio.java</file>
            <file>file:/C:/Users/Admin/Documents/NetBeansProjects/reserva/src/gerente.java</file>
            <file>file:/C:/Users/Admin/Documents/NetBeansProjects/reserva/src/menu.java</file>
        </group>
    </open-files>
</project-private>
